class_idx,wnid,class_name,group_id,group_name
0,n01484850,tench,2,fish_reptiles_and_bugs
1,n01491361,goldfish,2,fish_reptiles_and_bugs
2,n01494475,great white shark,2,fish_reptiles_and_bugs
3,n01496331,tiger shark,2,fish_reptiles_and_bugs
4,n01498041,hammerhead,2,fish_reptiles_and_bugs
5,n01629819,electric ray,2,fish_reptiles_and_bugs
6,n01630670,stingray,2,fish_reptiles_and_bugs
7,n01632777,cock,1,other_mammals_and_birds
8,n01641206,hen,1,other_mammals_and_birds
9,n01641391,ostrich,1,other_mammals_and_birds
10,n01641577,brambling,1,other_mammals_and_birds
11,n01644373,goldfinch,1,other_mammals_and_birds
12,n01644900,house finch,1,other_mammals_and_birds
13,n01664065,junco,1,other_mammals_and_birds
14,n01665541,indigo bunting,1,other_mammals_and_birds
15,n01667114,robin,1,other_mammals_and_birds
16,n01667778,bulbul,1,other_mammals_and_birds
17,n01669191,jay,1,other_mammals_and_birds
18,n01675722,magpie,1,other_mammals_and_birds
19,n01677366,chickadee,1,other_mammals_and_birds
20,n01682714,water ouzel,1,other_mammals_and_birds
21,n01685808,kite,1,other_mammals_and_birds
22,n01687978,bald eagle,1,other_mammals_and_birds
23,n01688243,vulture,1,other_mammals_and_birds
24,n01689811,great grey owl,1,other_mammals_and_birds
25,n01692333,European fire salamander,2,fish_reptiles_and_bugs
26,n01693334,common newt,2,fish_reptiles_and_bugs
27,n01694178,eft,2,fish_reptiles_and_bugs
28,n01695060,spotted salamander,2,fish_reptiles_and_bugs
29,n01728572,axolotl,2,fish_reptiles_and_bugs
30,n01728920,bullfrog,2,fish_reptiles_and_bugs
31,n01729322,tree frog,2,fish_reptiles_and_bugs
32,n01729977,tailed frog,2,fish_reptiles_and_bugs
33,n01734418,loggerhead,2,fish_reptiles_and_bugs
34,n01735189,leatherback turtle,2,fish_reptiles_and_bugs
35,n01737021,mud turtle,2,fish_reptiles_and_bugs
36,n01739381,terrapin,2,fish_reptiles_and_bugs
37,n01740131,box turtle,2,fish_reptiles_and_bugs
38,n01742172,banded gecko,2,fish_reptiles_and_bugs
39,n01748264,common iguana,2,fish_reptiles_and_bugs
40,n01749939,American chameleon,2,fish_reptiles_and_bugs
41,n01753488,whiptail,2,fish_reptiles_and_bugs
42,n01768244,agama,2,fish_reptiles_and_bugs
43,n01770081,frilled lizard,2,fish_reptiles_and_bugs
44,n01770393,alligator lizard,2,fish_reptiles_and_bugs
45,n01773157,Gila monster,2,fish_reptiles_and_bugs
46,n01773549,green lizard,2,fish_reptiles_and_bugs
47,n01773797,African chameleon,2,fish_reptiles_and_bugs
48,n01774384,Komodo dragon,2,fish_reptiles_and_bugs
49,n01774750,African crocodile,2,fish_reptiles_and_bugs
50,n01775062,American alligator,2,fish_reptiles_and_bugs
51,n01776313,triceratops,2,fish_reptiles_and_bugs
52,n01779629,thunder snake,2,fish_reptiles_and_bugs
53,n01784675,ringneck snake,2,fish_reptiles_and_bugs
54,n01786646,hognose snake,2,fish_reptiles_and_bugs
55,n01787835,green snake,2,fish_reptiles_and_bugs
56,n01795545,king snake,2,fish_reptiles_and_bugs
57,n01796340,garter snake,2,fish_reptiles_and_bugs
58,n01797886,water snake,2,fish_reptiles_and_bugs
59,n01798484,vine snake,2,fish_reptiles_and_bugs
60,n01803078,night snake,2,fish_reptiles_and_bugs
61,n01806567,boa constrictor,2,fish_reptiles_and_bugs
62,n01807496,rock python,2,fish_reptiles_and_bugs
63,n01909906,Indian cobra,2,fish_reptiles_and_bugs
64,n01910747,green mamba,2,fish_reptiles_and_bugs
65,n01914609,sea snake,2,fish_reptiles_and_bugs
66,n01915811,horned viper,2,fish_reptiles_and_bugs
67,n01924916,diamondback,2,fish_reptiles_and_bugs
68,n01930112,sidewinder,2,fish_reptiles_and_bugs
69,n01935395,trilobite,2,fish_reptiles_and_bugs
70,n01943899,harvestman,2,fish_reptiles_and_bugs
71,n01944390,scorpion,2,fish_reptiles_and_bugs
72,n01945685,black and gold garden spider,2,fish_reptiles_and_bugs
73,n01950731,barn spider,2,fish_reptiles_and_bugs
74,n01953361,garden spider,2,fish_reptiles_and_bugs
75,n01955084,black widow,2,fish_reptiles_and_bugs
76,n01956481,tarantula,2,fish_reptiles_and_bugs
77,n01963571,wolf spider,2,fish_reptiles_and_bugs
78,n01968897,tick,2,fish_reptiles_and_bugs
79,n01978287,centipede,2,fish_reptiles_and_bugs
80,n01978455,black grouse,1,other_mammals_and_birds
81,n01980166,ptarmigan,1,other_mammals_and_birds
82,n01981276,ruffed grouse,1,other_mammals_and_birds
83,n01983481,prairie chicken,1,other_mammals_and_birds
84,n01984695,peacock,1,other_mammals_and_birds
85,n01985128,quail,1,other_mammals_and_birds
86,n01986214,partridge,1,other_mammals_and_birds
87,n01986806,African grey,1,other_mammals_and_birds
88,n01990800,macaw,1,other_mammals_and_birds
89,n01998183,sulphur-crested cockatoo,1,other_mammals_and_birds
90,n02085620,lorikeet,1,other_mammals_and_birds
91,n02086079,coucal,1,other_mammals_and_birds
92,n02087394,bee eater,1,other_mammals_and_birds
93,n02090827,hornbill,1,other_mammals_and_birds
94,n02092002,hummingbird,1,other_mammals_and_birds
95,n02093256,jacamar,1,other_mammals_and_birds
96,n02094433,toucan,1,other_mammals_and_birds
97,n02096294,drake,1,other_mammals_and_birds
98,n02099267,red-breasted merganser,1,other_mammals_and_birds
99,n02099601,goose,1,other_mammals_and_birds
100,n02100583,black swan,1,other_mammals_and_birds
101,n02100735,tusker,1,other_mammals_and_birds
102,n02100877,echidna,1,other_mammals_and_birds
103,n02101006,platypus,1,other_mammals_and_birds
104,n02101388,wallaby,1,other_mammals_and_birds
105,n02106166,koala,1,other_mammals_and_birds
106,n02106382,wombat,1,other_mammals_and_birds
107,n02106662,jellyfish,2,fish_reptiles_and_bugs
108,n02107142,sea anemone,2,fish_reptiles_and_bugs
109,n02108089,brain coral,2,fish_reptiles_and_bugs
110,n02108551,flatworm,2,fish_reptiles_and_bugs
111,n02109047,nematode,2,fish_reptiles_and_bugs
112,n02109525,conch,2,fish_reptiles_and_bugs
113,n02109961,snail,2,fish_reptiles_and_bugs
114,n02110341,slug,2,fish_reptiles_and_bugs
115,n02110806,sea slug,2,fish_reptiles_and_bugs
116,n02111277,chiton,2,fish_reptiles_and_bugs
117,n02112497,chambered nautilus,2,fish_reptiles_and_bugs
118,n02112826,Dungeness crab,2,fish_reptiles_and_bugs
119,n02113712,rock crab,2,fish_reptiles_and_bugs
120,n02113799,fiddler crab,2,fish_reptiles_and_bugs
121,n02114367,king crab,2,fish_reptiles_and_bugs
122,n02114548,American lobster,2,fish_reptiles_and_bugs
123,n02114712,spiny lobster,2,fish_reptiles_and_bugs
124,n02114855,crayfish,2,fish_reptiles_and_bugs
125,n02115641,hermit crab,2,fish_reptiles_and_bugs
126,n02116738,isopod,2,fish_reptiles_and_bugs
127,n02117135,white stork,1,other_mammals_and_birds
128,n02119022,black stork,1,other_mammals_and_birds
129,n02119789,spoonbill,1,other_mammals_and_birds
130,n02120079,flamingo,1,other_mammals_and_birds
131,n02120505,little blue heron,1,other_mammals_and_birds
132,n02123045,American egret,1,other_mammals_and_birds
133,n02123159,bittern,1,other_mammals_and_birds
134,n02123394,crane bird,1,other_mammals_and_birds
135,n02123597,limpkin,1,other_mammals_and_birds
136,n02124075,European gallinule,1,other_mammals_and_birds
137,n02125311,American coot,1,other_mammals_and_birds
138,n02127052,bustard,1,other_mammals_and_birds
139,n02128385,ruddy turnstone,1,other_mammals_and_birds
140,n02128757,red-backed sandpiper,1,other_mammals_and_birds
141,n02128925,redshank,1,other_mammals_and_birds
142,n02129165,dowitcher,1,other_mammals_and_birds
143,n02129604,oystercatcher,1,other_mammals_and_birds
144,n02130308,pelican,1,other_mammals_and_birds
145,n02132136,king penguin,1,other_mammals_and_birds
146,n02133161,albatross,1,other_mammals_and_birds
147,n02134084,grey whale,1,other_mammals_and_birds
148,n02134418,killer whale,1,other_mammals_and_birds
149,n02137549,dugong,1,other_mammals_and_birds
150,n02138441,sea lion,1,other_mammals_and_birds
151,n02165105,Chihuahua,0,dogs
152,n02165456,Japanese spaniel,0,dogs
153,n02167151,Maltese dog,0,dogs
154,n02168699,Pekinese,0,dogs
155,n02169497,Shih-Tzu,0,dogs
156,n02177972,Blenheim spaniel,0,dogs
157,n02190166,papillon,0,dogs
158,n02200198,toy terrier,0,dogs
159,n02206856,Rhodesian ridgeback,0,dogs
160,n02219486,Afghan hound,0,dogs
161,n02226429,basset,0,dogs
162,n02229544,beagle,0,dogs
163,n02231487,bloodhound,0,dogs
164,n02233338,bluetick,0,dogs
165,n02236044,black-and-tan coonhound,0,dogs
166,n02256656,Walker hound,0,dogs
167,n02259212,English foxhound,0,dogs
168,n02262449,redbone,0,dogs
169,n02264363,borzoi,0,dogs
170,n02268443,Irish wolfhound,0,dogs
171,n02268853,Italian greyhound,0,dogs
172,n02274822,whippet,0,dogs
173,n02277742,Ibizan hound,0,dogs
174,n02279972,Norwegian elkhound,0,dogs
175,n02280649,otterhound,0,dogs
176,n02281406,Saluki,0,dogs
177,n02281787,Scottish deerhound,0,dogs
178,n02283201,Weimaraner,0,dogs
179,n02317335,Staffordshire bullterrier,0,dogs
180,n02319095,American Staffordshire terrier,0,dogs
181,n02321529,Bedlington terrier,0,dogs
182,n02325366,Border terrier,0,dogs
183,n02326432,Kerry blue terrier,0,dogs
184,n02328150,Irish terrier,0,dogs
185,n02441942,Norfolk terrier,0,dogs
186,n02442845,Norwich terrier,0,dogs
187,n02443114,Yorkshire terrier,0,dogs
188,n02443484,wire-haired fox terrier,0,dogs
189,n02444819,Lakeland terrier,0,dogs
190,n02445715,Sealyham terrier,0,dogs
191,n02447366,Airedale,0,dogs
192,n02480495,cairn,0,dogs
193,n02480855,Australian terrier,0,dogs
194,n02481823,Dandie Dinmont,0,dogs
195,n02483362,Boston bull,0,dogs
196,n02483708,miniature schnauzer,0,dogs
197,n02484975,giant schnauzer,0,dogs
198,n02486261,standard schnauzer,0,dogs
199,n02486410,Scotch terrier,0,dogs
200,n02487347,Tibetan terrier,0,dogs
201,n02488291,silky terrier,0,dogs
202,n02488702,soft-coated wheaten terrier,0,dogs
203,n02489166,West Highland white terrier,0,dogs
204,n02490219,Lhasa,0,dogs
205,n02492660,flat-coated retriever,0,dogs
206,n02493509,curly-coated retriever,0,dogs
207,n02493793,golden retriever,0,dogs
208,n02494079,Labrador retriever,0,dogs
209,n02497673,Chesapeake Bay retriever,0,dogs
210,n02500267,German short-haired pointer,0,dogs
211,n02504013,vizsla,0,dogs
212,n02504458,English setter,0,dogs
213,n02508021,Irish setter,0,dogs
214,n02509815,Gordon setter,0,dogs
215,n02510455,Brittany spaniel,0,dogs
216,n02514041,clumber,0,dogs
217,n02536864,English springer,0,dogs
218,n02537525,Welsh springer spaniel,0,dogs
219,n02568087,cocker spaniel,0,dogs
220,n02640242,Sussex spaniel,0,dogs
221,n02641379,Irish water spaniel,0,dogs
222,n02666196,kuvasz,0,dogs
223,n02667093,schipperke,0,dogs
224,n02669723,groenendael,0,dogs
225,n02672831,malinois,0,dogs
226,n02676566,briard,0,dogs
227,n02680754,kelpie,0,dogs
228,n02687172,komondor,0,dogs
229,n02690373,Old English sheepdog,0,dogs
230,n02692877,Shetland sheepdog,0,dogs
231,n02701002,collie,0,dogs
232,n02704792,Border collie,0,dogs
233,n02708093,Bouvier des Flandres,0,dogs
234,n02727426,Rottweiler,0,dogs
235,n02730930,German shepherd,0,dogs
236,n02738535,Doberman,0,dogs
237,n02747177,miniature pinscher,0,dogs
238,n02764044,Greater Swiss Mountain dog,0,dogs
239,n02769748,Bernese mountain dog,0,dogs
240,n02773838,Appenzeller,0,dogs
241,n02776631,EntleBucher,0,dogs
242,n02777292,boxer,0,dogs
243,n02782093,bull mastiff,0,dogs
244,n02783161,Tibetan mastiff,0,dogs
245,n02786058,French bulldog,0,dogs
246,n02787622,Great Dane,0,dogs
247,n02788148,Saint Bernard,0,dogs
248,n02790996,Eskimo dog,0,dogs
249,n02791124,malamute,0,dogs
250,n02791270,Siberian husky,0,dogs
251,n02793495,dalmatian,0,dogs
252,n02794156,affenpinscher,0,dogs
253,n02795169,basenji,0,dogs
254,n02797295,pug,0,dogs
255,n02799071,Leonberg,0,dogs
256,n02802426,Newfoundland,0,dogs
257,n02804414,Great Pyrenees,0,dogs
258,n02804610,Samoyed,0,dogs
259,n02807133,Pomeranian,0,dogs
260,n02807616,chow,0,dogs
261,n02808304,keeshond,0,dogs
262,n02808440,Brabancon griffon,0,dogs
263,n02814533,Pembroke,0,dogs
264,n02814860,Cardigan,0,dogs
265,n02815834,toy poodle,0,dogs
266,n02817516,miniature poodle,0,dogs
267,n02823428,standard poodle,0,dogs
268,n02823750,Mexican hairless,0,dogs
269,n02824448,timber wolf,0,dogs
270,n02825657,white wolf,0,dogs
271,n02834397,red wolf,0,dogs
272,n02835271,coyote,0,dogs
273,n02837789,dingo,0,dogs
274,n02840245,dhole,0,dogs
275,n02841315,African hunting dog,0,dogs
276,n02843684,hyena,0,dogs
277,n02859443,red fox,0,dogs
278,n02860847,kit fox,0,dogs
279,n02865351,Arctic fox,0,dogs
280,n02869837,grey fox,0,dogs
281,n02870880,tabby,1,other_mammals_and_birds
282,n02871525,tiger cat,1,other_mammals_and_birds
283,n02872752,Persian cat,1,other_mammals_and_birds
284,n02877765,Siamese cat,1,other_mammals_and_birds
285,n02879718,Egyptian cat,1,other_mammals_and_birds
286,n02882647,cougar,1,other_mammals_and_birds
287,n02883205,lynx,1,other_mammals_and_birds
288,n02887489,leopard,1,other_mammals_and_birds
289,n02892201,snow leopard,1,other_mammals_and_birds
290,n02892767,jaguar,1,other_mammals_and_birds
291,n02894605,lion,1,other_mammals_and_birds
292,n02895154,tiger,1,other_mammals_and_birds
293,n02897820,cheetah,1,other_mammals_and_birds
294,n02898711,brown bear,1,other_mammals_and_birds
295,n02906734,American black bear,1,other_mammals_and_birds
296,n02909870,ice bear,1,other_mammals_and_birds
297,n02910353,sloth bear,1,other_mammals_and_birds
298,n02916936,mongoose,1,other_mammals_and_birds
299,n02917067,meerkat,1,other_mammals_and_birds
300,n02918964,tiger beetle,2,fish_reptiles_and_bugs
301,n02927161,ladybug,2,fish_reptiles_and_bugs
302,n02928608,ground beetle,2,fish_reptiles_and_bugs
303,n02929289,long-horned beetle,2,fish_reptiles_and_bugs
304,n02930766,leaf beetle,2,fish_reptiles_and_bugs
305,n02939185,dung beetle,2,fish_reptiles_and_bugs
306,n02942349,rhinoceros beetle,2,fish_reptiles_and_bugs
307,n02948072,weevil,2,fish_reptiles_and_bugs
308,n02950632,fly,2,fish_reptiles_and_bugs
309,n02950826,bee,2,fish_reptiles_and_bugs
310,n02951358,ant,2,fish_reptiles_and_bugs
311,n02951585,grasshopper,2,fish_reptiles_and_bugs
312,n02952374,cricket,2,fish_reptiles_and_bugs
313,n02956795,walking stick,2,fish_reptiles_and_bugs
314,n02963159,cockroach,2,fish_reptiles_and_bugs
315,n02965783,mantis,2,fish_reptiles_and_bugs
316,n02966193,cicada,2,fish_reptiles_and_bugs
317,n02966687,leafhopper,2,fish_reptiles_and_bugs
318,n02971356,lacewing,2,fish_reptiles_and_bugs
319,n02977058,dragonfly,2,fish_reptiles_and_bugs
320,n02979186,damselfly,2,fish_reptiles_and_bugs
321,n02980441,admiral,2,fish_reptiles_and_bugs
322,n02981792,ringlet,2,fish_reptiles_and_bugs
323,n02988304,monarch,2,fish_reptiles_and_bugs
324,n02992211,cabbage butterfly,2,fish_reptiles_and_bugs
325,n02992529,sulphur butterfly,2,fish_reptiles_and_bugs
326,n02997607,lycaenid,2,fish_reptiles_and_bugs
327,n03000134,starfish,2,fish_reptiles_and_bugs
328,n03000247,sea urchin,2,fish_reptiles_and_bugs
329,n03000684,sea cucumber,2,fish_reptiles_and_bugs
330,n03014440,wood rabbit,1,other_mammals_and_birds
331,n03014705,hare,1,other_mammals_and_birds
332,n03017168,Angora,1,other_mammals_and_birds
333,n03018349,hamster,1,other_mammals_and_birds
334,n03018712,porcupine,1,other_mammals_and_birds
335,n03020692,fox squirrel,1,other_mammals_and_birds
336,n03026506,marmot,1,other_mammals_and_birds
337,n03028079,beaver,1,other_mammals_and_birds
338,n03032252,guinea pig,1,other_mammals_and_birds
339,n03034663,sorrel,1,other_mammals_and_birds
340,n03041632,zebra,1,other_mammals_and_birds
341,n03042490,hog,1,other_mammals_and_birds
342,n03047690,wild boar,1,other_mammals_and_birds
343,n03062245,warthog,1,other_mammals_and_birds
344,n03063689,hippopotamus,1,other_mammals_and_birds
345,n03065424,ox,1,other_mammals_and_birds
346,n03068998,water buffalo,1,other_mammals_and_birds
347,n03071160,bison,1,other_mammals_and_birds
348,n03075097,ram,1,other_mammals_and_birds
349,n03075370,bighorn,1,other_mammals_and_birds
350,n03085013,ibex,1,other_mammals_and_birds
351,n03089624,hartebeest,1,other_mammals_and_birds
352,n03095699,impala,1,other_mammals_and_birds
353,n03100240,gazelle,1,other_mammals_and_birds
354,n03109150,Arabian camel,1,other_mammals_and_birds
355,n03110669,llama,1,other_mammals_and_birds
356,n03122295,weasel,1,other_mammals_and_birds
357,n03124170,mink,1,other_mammals_and_birds
358,n03126707,polecat,1,other_mammals_and_birds
359,n03127747,black-footed ferret,1,other_mammals_and_birds
360,n03127925,otter,1,other_mammals_and_birds
361,n03131574,skunk,1,other_mammals_and_birds
362,n03134739,badger,1,other_mammals_and_birds
363,n03141823,armadillo,1,other_mammals_and_birds
364,n03146219,three-toed sloth,1,other_mammals_and_birds
365,n03150511,orangutan,1,other_mammals_and_birds
366,n03160309,gorilla,1,other_mammals_and_birds
367,n03179701,chimpanzee,1,other_mammals_and_birds
368,n03180011,gibbon,1,other_mammals_and_birds
369,n03187595,siamang,1,other_mammals_and_birds
370,n03188531,guenon,1,other_mammals_and_birds
371,n03196217,patas,1,other_mammals_and_birds
372,n03201208,baboon,1,other_mammals_and_birds
373,n03207743,macaque,1,other_mammals_and_birds
374,n03207941,langur,1,other_mammals_and_birds
375,n03216828,colobus,1,other_mammals_and_birds
376,n03218198,proboscis monkey,1,other_mammals_and_birds
377,n03220513,marmoset,1,other_mammals_and_birds
378,n03223299,capuchin,1,other_mammals_and_birds
379,n03239726,howler monkey,1,other_mammals_and_birds
380,n03240683,titi,1,other_mammals_and_birds
381,n03249569,spider monkey,1,other_mammals_and_birds
382,n03250847,squirrel monkey,1,other_mammals_and_birds
383,n03255030,Madagascar cat,1,other_mammals_and_birds
384,n03259280,indri,1,other_mammals_and_birds
385,n03261776,Indian elephant,1,other_mammals_and_birds
386,n03266371,African elephant,1,other_mammals_and_birds
387,n03271574,lesser panda,1,other_mammals_and_birds
388,n03272010,giant panda,1,other_mammals_and_birds
389,n03272562,barracouta,2,fish_reptiles_and_bugs
390,n03273740,eel,2,fish_reptiles_and_bugs
391,n03290653,coho,2,fish_reptiles_and_bugs
392,n03291819,rock beauty,2,fish_reptiles_and_bugs
393,n03297495,anemone fish,2,fish_reptiles_and_bugs
394,n03301568,sturgeon,2,fish_reptiles_and_bugs
395,n03309356,gar,2,fish_reptiles_and_bugs
396,n03314780,lionfish,2,fish_reptiles_and_bugs
397,n03320519,puffer,2,fish_reptiles_and_bugs
398,n03325584,abacus,6,tools_and_instruments
399,n03329302,abaya,4,clothing_and_accessories
400,n03337140,academic gown,4,clothing_and_accessories
401,n03344393,accordion,6,tools_and_instruments
402,n03345487,acoustic guitar,6,tools_and_instruments
403,n03347037,aircraft carrier,7,vehicles_and_buildings
404,n03351979,airliner,7,vehicles_and_buildings
405,n03355925,airship,7,vehicles_and_buildings
406,n03358172,altar,5,furniture_and_appliances
407,n03359436,ambulance,7,vehicles_and_buildings
408,n03360622,amphibian,7,vehicles_and_buildings
409,n03372029,analog clock,5,furniture_and_appliances
410,n03376595,apiary,7,vehicles_and_buildings
411,n03379051,apron,4,clothing_and_accessories
412,n03384352,ashcan,5,furniture_and_appliances
413,n03388043,assault rifle,6,tools_and_instruments
414,n03388183,backpack,4,clothing_and_accessories
415,n03388549,bakery,7,vehicles_and_buildings
416,n03393912,balance beam,6,tools_and_instruments
417,n03394916,balloon,7,vehicles_and_buildings
418,n03400231,ballpoint,6,tools_and_instruments
419,n03404251,Band Aid,4,clothing_and_accessories
420,n03416489,banjo,6,tools_and_instruments
421,n03417042,bannister,5,furniture_and_appliances
422,n03420801,barbell,6,tools_and_instruments
423,n03424325,barber chair,5,furniture_and_appliances
424,n03425413,barbershop,7,vehicles_and_buildings
425,n03443371,barn,7,vehicles_and_buildings
426,n03444034,barometer,6,tools_and_instruments
427,n03445777,barrel,5,furniture_and_appliances
428,n03445924,barrow,6,tools_and_instruments
429,n03447447,baseball,6,tools_and_instruments
430,n03447721,basketball,6,tools_and_instruments
431,n03450230,bassinet,5,furniture_and_appliances
432,n03452741,bassoon,6,tools_and_instruments
433,n03457902,bathing cap,4,clothing_and_accessories
434,n03459775,bath towel,4,clothing_and_accessories
435,n03461385,bathtub,5,furniture_and_appliances
436,n03467068,beach wagon,7,vehicles_and_buildings
437,n03476684,beacon,7,vehicles_and_buildings
438,n03476991,beaker,3,food_plants_and_nature
439,n03478589,bearskin,4,clothing_and_accessories
440,n03481172,beer bottle,3,food_plants_and_nature
441,n03482405,beer glass,3,food_plants_and_nature
442,n03483316,bell cote,7,vehicles_and_buildings
443,n03483823,bib,4,clothing_and_accessories
444,n03484931,bicycle-built-for-two,7,vehicles_and_buildings
445,n03485407,bikini,4,clothing_and_accessories
446,n03485794,binder,6,tools_and_instruments
447,n03492542,binoculars,6,tools_and_instruments
448,n03492922,birdhouse,7,vehicles_and_buildings
449,n03494278,boathouse,7,vehicles_and_buildings
450,n03495258,bobsled,6,tools_and_instruments
451,n03496892,bolo tie,4,clothing_and_accessories
452,n03505504,bonnet,4,clothing_and_accessories
453,n03521675,bookcase,5,furniture_and_appliances
454,n03527444,bookshop,7,vehicles_and_buildings
455,n03529860,bottlecap,3,food_plants_and_nature
456,n03530642,bow,6,tools_and_instruments
457,n03534580,bow tie,4,clothing_and_accessories
458,n03535780,brass,5,furniture_and_appliances
459,n03538406,brassiere,4,clothing_and_accessories
460,n03543254,breakwater,7,vehicles_and_buildings
461,n03544143,breastplate,4,clothing_and_accessories
462,n03545756,broom,5,furniture_and_appliances
463,n03557692,bucket,5,furniture_and_appliances
464,n03558404,buckle,4,clothing_and_accessories
465,n03571625,bulletproof vest,4,clothing_and_accessories
466,n03584254,bullet train,7,vehicles_and_buildings
467,n03584829,butcher shop,7,vehicles_and_buildings
468,n03590841,cab,7,vehicles_and_buildings
469,n03594734,caldron,3,food_plants_and_nature
470,n03594945,candle,6,tools_and_instruments
471,n03595614,cannon,6,tools_and_instruments
472,n03598930,canoe,7,vehicles_and_buildings
473,n03599486,can opener,3,food_plants_and_nature
474,n03602883,cardigan,4,clothing_and_accessories
475,n03604400,car mirror,7,vehicles_and_buildings
476,n03617480,carousel,7,vehicles_and_buildings
477,n03623198,carpenter's kit,6,tools_and_instruments
478,n03627232,carton,5,furniture_and_appliances
479,n03630383,car wheel,7,vehicles_and_buildings
480,n03633091,cash machine,5,furniture_and_appliances
481,n03636649,cassette,6,tools_and_instruments
482,n03637318,cassette player,6,tools_and_instruments
483,n03642806,castle,7,vehicles_and_buildings
484,n03649909,catamaran,7,vehicles_and_buildings
485,n03657121,CD player,6,tools_and_instruments
486,n03661043,cello,6,tools_and_instruments
487,n03662601,cellular telephone,6,tools_and_instruments
488,n03666591,chain,5,furniture_and_appliances
489,n03670208,chainlink fence,7,vehicles_and_buildings
490,n03673027,chain mail,4,clothing_and_accessories
491,n03676483,chain saw,6,tools_and_instruments
492,n03680355,chest,5,furniture_and_appliances
493,n03690938,chiffonier,5,furniture_and_appliances
494,n03691459,chime,6,tools_and_instruments
495,n03697007,china cabinet,5,furniture_and_appliances
496,n03701391,Christmas stocking,4,clothing_and_accessories
497,n03709823,church,7,vehicles_and_buildings
498,n03710193,cinema,7,vehicles_and_buildings
499,n03710637,cleaver,3,food_plants_and_nature
500,n03710721,cliff dwelling,7,vehicles_and_buildings
501,n03717622,cloak,4,clothing_and_accessories
502,n03720891,clog,4,clothing_and_accessories
503,n03721384,cocktail shaker,3,food_plants_and_nature
504,n03724870,coffee mug,3,food_plants_and_nature
505,n03729826,coffeepot,3,food_plants_and_nature
506,n03733281,coil,6,tools_and_instruments
507,n03733805,combination lock,6,tools_and_instruments
508,n03742115,computer keyboard,6,tools_and_instruments
509,n03743016,confectionery,7,vehicles_and_buildings
510,n03757604,container ship,7,vehicles_and_buildings
511,n03759954,convertible,7,vehicles_and_buildings
512,n03761084,corkscrew,3,food_plants_and_nature
513,n03763968,cornet,6,tools_and_instruments
514,n03770679,cowboy boot,4,clothing_and_accessories
515,n03773504,cowboy hat,4,clothing_and_accessories
516,n03775071,cradle,5,furniture_and_appliances
517,n03777568,crane,7,vehicles_and_buildings
518,n03781787,crash helmet,4,clothing_and_accessories
519,n03785016,crate,5,furniture_and_appliances
520,n03786901,crib,5,furniture_and_appliances
521,n03787032,Crock Pot,3,food_plants_and_nature
522,n03788195,croquet ball,6,tools_and_instruments
523,n03788365,crutch,4,clothing_and_accessories
524,n03791053,cuirass,4,clothing_and_accessories
525,n03792782,dam,7,vehicles_and_buildings
526,n03793489,desk,5,furniture_and_appliances
527,n03794056,desktop computer,5,furniture_and_appliances
528,n03797390,dial telephone,6,tools_and_instruments
529,n03804744,diaper,4,clothing_and_accessories
530,n03805725,digital clock,5,furniture_and_appliances
531,n03816136,digital watch,4,clothing_and_accessories
532,n03825788,dining table,5,furniture_and_appliances
533,n03837869,dishrag,5,furniture_and_appliances
534,n03838899,dishwasher,5,furniture_and_appliances
535,n03841143,disk brake,6,tools_and_instruments
536,n03844815,dock,7,vehicles_and_buildings
537,n03852688,dogsled,7,vehicles_and_buildings
538,n03854815,dome,7,vehicles_and_buildings
539,n03857828,doormat,5,furniture_and_appliances
540,n03868242,drilling platform,7,vehicles_and_buildings
541,n03868863,drum,6,tools_and_instruments
542,n03874599,drumstick,6,tools_and_instruments
543,n03876231,dumbbell,6,tools_and_instruments
544,n03877472,Dutch oven,3,food_plants_and_nature
545,n03877674,electric fan,5,furniture_and_appliances
546,n03884397,electric guitar,6,tools_and_instruments
547,n03886762,electric locomotive,7,vehicles_and_buildings
548,n03887697,entertainment center,5,furniture_and_appliances
549,n03888257,envelope,6,tools_and_instruments
550,n03888605,espresso maker,3,food_plants_and_nature
551,n03891251,face powder,4,clothing_and_accessories
552,n03895866,feather boa,4,clothing_and_accessories
553,n03902125,file,5,furniture_and_appliances
554,n03908204,fireboat,7,vehicles_and_buildings
555,n03908714,fire engine,7,vehicles_and_buildings
556,n03909406,fire screen,5,furniture_and_appliances
557,n03920867,flagpole,7,vehicles_and_buildings
558,n03924679,flute,6,tools_and_instruments
559,n03929855,folding chair,5,furniture_and_appliances
560,n03930313,football helmet,4,clothing_and_accessories
561,n03930630,forklift,7,vehicles_and_buildings
562,n03940256,fountain,7,vehicles_and_buildings
563,n03950228,fountain pen,6,tools_and_instruments
564,n03954731,four-poster,5,furniture_and_appliances
565,n03956157,freight car,7,vehicles_and_buildings
566,n03967562,French horn,6,tools_and_instruments
567,n03970156,frying pan,3,food_plants_and_nature
568,n03973628,fur coat,4,clothing_and_accessories
569,n03974915,garbage truck,7,vehicles_and_buildings
570,n03976467,gasmask,4,clothing_and_accessories
571,n03977966,gas pump,7,vehicles_and_buildings
572,n03978966,goblet,3,food_plants_and_nature
573,n03980874,go-kart,7,vehicles_and_buildings
574,n03982232,golf ball,6,tools_and_instruments
575,n03982430,golfcart,7,vehicles_and_buildings
576,n04003241,gondola,7,vehicles_and_buildings
577,n04004767,gong,6,tools_and_instruments
578,n04005630,gown,4,clothing_and_accessories
579,n04009552,grand piano,6,tools_and_instruments
580,n04021028,greenhouse,7,vehicles_and_buildings
581,n04033901,grille,7,vehicles_and_buildings
582,n04033995,grocery store,7,vehicles_and_buildings
583,n04037443,guillotine,6,tools_and_instruments
584,n04041544,hair slide,4,clothing_and_accessories
585,n04044716,hair spray,4,clothing_and_accessories
586,n04049303,half track,7,vehicles_and_buildings
587,n04050066,hammer,6,tools_and_instruments
588,n04065272,hamper,5,furniture_and_appliances
589,n04069434,hand blower,5,furniture_and_appliances
590,n04070727,hand-held computer,6,tools_and_instruments
591,n04074963,handkerchief,4,clothing_and_accessories
592,n04081281,hard disc,5,furniture_and_appliances
593,n04086273,harmonica,6,tools_and_instruments
594,n04090263,harp,6,tools_and_instruments
595,n04102037,harvester,7,vehicles_and_buildings
596,n04102406,hatchet,6,tools_and_instruments
597,n04111531,holster,4,clothing_and_accessories
598,n04116512,home theater,5,furniture_and_appliances
599,n04118021,honeycomb,3,food_plants_and_nature
600,n04118538,hook,6,tools_and_instruments
601,n04118776,hoopskirt,4,clothing_and_accessories
602,n04120489,horizontal bar,6,tools_and_instruments
603,n04125021,horse cart,7,vehicles_and_buildings
604,n04127521,hourglass,6,tools_and_instruments
605,n04131690,iPod,6,tools_and_instruments
606,n04133789,iron,5,furniture_and_appliances
607,n04136333,jack-o'-lantern,3,food_plants_and_nature
608,n04140064,jean,4,clothing_and_accessories
609,n04141076,jeep,7,vehicles_and_buildings
610,n04141327,jersey,4,clothing_and_accessories
611,n04141975,jigsaw puzzle,6,tools_and_instruments
612,n04143140,jinrikisha,7,vehicles_and_buildings
613,n04146614,joystick,6,tools_and_instruments
614,n04147183,kimono,4,clothing_and_accessories
615,n04148054,knee pad,4,clothing_and_accessories
616,n04153751,knot,6,tools_and_instruments
617,n04154565,lab coat,4,clothing_and_accessories
618,n04162706,ladle,3,food_plants_and_nature
619,n04179913,lampshade,5,furniture_and_appliances
620,n04185804,laptop,6,tools_and_instruments
621,n04192698,lawn mower,7,vehicles_and_buildings
622,n04194127,lens cap,6,tools_and_instruments
623,n04200800,letter opener,6,tools_and_instruments
624,n04201297,library,7,vehicles_and_buildings
625,n04204238,lifeboat,7,vehicles_and_buildings
626,n04204347,lighter,6,tools_and_instruments
627,n04205318,limousine,7,vehicles_and_buildings
628,n04208210,liner,7,vehicles_and_buildings
629,n04209133,lipstick,4,clothing_and_accessories
630,n04209239,Loafer,4,clothing_and_accessories
631,n04210120,lotion,4,clothing_and_accessories
632,n04220250,loudspeaker,5,furniture_and_appliances
633,n04229816,loupe,6,tools_and_instruments
634,n04233124,lumbermill,7,vehicles_and_buildings
635,n04235860,magnetic compass,6,tools_and_instruments
636,n04239436,mailbag,4,clothing_and_accessories
637,n04243546,mailbox,5,furniture_and_appliances
638,n04251144,maillot,4,clothing_and_accessories
639,n04252077,maillot tank suit,4,clothing_and_accessories
640,n04252225,manhole cover,7,vehicles_and_buildings
641,n04254680,maraca,6,tools_and_instruments
642,n04254777,marimba,6,tools_and_instruments
643,n04258138,mask,4,clothing_and_accessories
644,n04259630,matchstick,6,tools_and_instruments
645,n04270147,maypole,7,vehicles_and_buildings
646,n04273569,maze,7,vehicles_and_buildings
647,n04275548,measuring cup,3,food_plants_and_nature
648,n04295881,medicine chest,5,furniture_and_appliances
649,n04310018,megalith,7,vehicles_and_buildings
650,n04317175,microphone,6,tools_and_instruments
651,n04325704,microwave,5,furniture_and_appliances
652,n04326547,military uniform,4,clothing_and_accessories
653,n04332074,milk can,3,food_plants_and_nature
654,n04346328,minibus,7,vehicles_and_buildings
655,n04347754,miniskirt,4,clothing_and_accessories
656,n04349306,minivan,7,vehicles_and_buildings
657,n04350905,missile,7,vehicles_and_buildings
658,n04355338,mitten,4,clothing_and_accessories
659,n04367480,mixing bowl,3,food_plants_and_nature
660,n04371430,mobile home,7,vehicles_and_buildings
661,n04373704,Model T,7,vehicles_and_buildings
662,n04373894,modem,5,furniture_and_appliances
663,n04376876,monastery,7,vehicles_and_buildings
664,n04381587,monitor,5,furniture_and_appliances
665,n04389033,moped,7,vehicles_and_buildings
666,n04392985,mortar,3,food_plants_and_nature
667,n04398044,mortarboard,4,clothing_and_accessories
668,n04404412,mosque,7,vehicles_and_buildings
669,n04409515,mosquito net,5,furniture_and_appliances
670,n04411264,motor scooter,7,vehicles_and_buildings
671,n04417672,mountain bike,7,vehicles_and_buildings
672,n04418357,mountain tent,7,vehicles_and_buildings
673,n04421872,mouse,6,tools_and_instruments
674,n04423845,mousetrap,5,furniture_and_appliances
675,n04428191,moving van,7,vehicles_and_buildings
676,n04435653,muzzle,4,clothing_and_accessories
677,n04442312,nail,6,tools_and_instruments
678,n04443257,neck brace,4,clothing_and_accessories
679,n04453156,necklace,4,clothing_and_accessories
680,n04458633,nipple,3,food_plants_and_nature
681,n04462240,notebook,6,tools_and_instruments
682,n04464615,obelisk,7,vehicles_and_buildings
683,n04465501,oboe,6,tools_and_instruments
684,n04467665,ocarina,6,tools_and_instruments
685,n04482393,odometer,6,tools_and_instruments
686,n04483307,oil filter,6,tools_and_instruments
687,n04486054,organ,6,tools_and_instruments
688,n04487081,oscilloscope,6,tools_and_instruments
689,n04487394,overskirt,4,clothing_and_accessories
690,n04489817,oxcart,7,vehicles_and_buildings
691,n04491638,oxygen mask,4,clothing_and_accessories
692,n04496726,packet,5,furniture_and_appliances
693,n04498389,paddle,6,tools_and_instruments
694,n04501370,paddlewheel,7,vehicles_and_buildings
695,n04507155,padlock,6,tools_and_instruments
696,n04509417,paintbrush,6,tools_and_instruments
697,n04515003,pajama,4,clothing_and_accessories
698,n04517823,palace,7,vehicles_and_buildings
699,n04522168,panpipe,6,tools_and_instruments
700,n04523525,paper towel,5,furniture_and_appliances
701,n04525305,parachute,4,clothing_and_accessories
702,n04525584,parallel bars,6,tools_and_instruments
703,n04532106,park bench,7,vehicles_and_buildings
704,n04536866,parking meter,7,vehicles_and_buildings
705,n04540053,passenger car,7,vehicles_and_buildings
706,n04542943,patio,5,furniture_and_appliances
707,n04548362,pay-phone,6,tools_and_instruments
708,n04550184,pedestal,5,furniture_and_appliances
709,n04552348,pencil box,6,tools_and_instruments
710,n04553703,pencil sharpener,6,tools_and_instruments
711,n04554684,perfume,4,clothing_and_accessories
712,n04555897,Petri dish,3,food_plants_and_nature
713,n04562935,photocopier,5,furniture_and_appliances
714,n04576002,pick,6,tools_and_instruments
715,n04579432,pickelhaube,4,clothing_and_accessories
716,n04584207,picket fence,7,vehicles_and_buildings
717,n04589890,pickup,7,vehicles_and_buildings
718,n04590129,pier,7,vehicles_and_buildings
719,n04591157,piggy bank,5,furniture_and_appliances
720,n04596742,pill bottle,3,food_plants_and_nature
721,n04613696,pillow,5,furniture_and_appliances
722,n06267145,ping-pong ball,6,tools_and_instruments
723,n06359193,pinwheel,5,furniture_and_appliances
724,n06595351,pirate,7,vehicles_and_buildings
725,n06785654,pitcher,3,food_plants_and_nature
726,n07711080,plane,6,tools_and_instruments
727,n07711569,planetarium,7,vehicles_and_buildings
728,n07713763,plastic bag,4,clothing_and_accessories
729,n07714448,plate rack,5,furniture_and_appliances
730,n07714571,plow,7,vehicles_and_buildings
731,n07714990,plunger,6,tools_and_instruments
732,n07715103,Polaroid camera,6,tools_and_instruments
733,n07715221,pole,7,vehicles_and_buildings
734,n07716358,police van,7,vehicles_and_buildings
735,n07716906,poncho,4,clothing_and_accessories
736,n07717410,pool table,5,furniture_and_appliances
737,n07717556,pop bottle,3,food_plants_and_nature
738,n07718472,pot,3,food_plants_and_nature
739,n07718747,potter's wheel,6,tools_and_instruments
740,n07719213,power drill,6,tools_and_instruments
741,n07720277,prayer rug,5,furniture_and_appliances
742,n07720875,printer,5,furniture_and_appliances
743,n07721195,prison,7,vehicles_and_buildings
744,n07721678,projectile,7,vehicles_and_buildings
745,n07722485,projector,5,furniture_and_appliances
746,n07723039,puck,6,tools_and_instruments
747,n07723177,punching bag,6,tools_and_instruments
748,n07723559,purse,4,clothing_and_accessories
749,n07725531,quill,6,tools_and_instruments
750,n07726095,quilt,5,furniture_and_appliances
751,n07727048,racer,7,vehicles_and_buildings
752,n07729485,racket,6,tools_and_instruments
753,n07730033,radiator,5,furniture_and_appliances
754,n07730406,radio,5,furniture_and_appliances
755,n07732747,radio telescope,7,vehicles_and_buildings
756,n07734292,rain barrel,5,furniture_and_appliances
757,n07734744,recreational vehicle,7,vehicles_and_buildings
758,n07735404,reel,5,furniture_and_appliances
759,n07735510,reflex camera,6,tools_and_instruments
760,n07735803,refrigerator,5,furniture_and_appliances
761,n07736692,remote control,6,tools_and_instruments
762,n07737745,restaurant,7,vehicles_and_buildings
763,n07739344,revolver,6,tools_and_instruments
764,n07742313,rifle,6,tools_and_instruments
765,n07743544,rocking chair,5,furniture_and_appliances
766,n07743902,rotisserie,5,furniture_and_appliances
767,n07744246,rubber eraser,6,tools_and_instruments
768,n07744811,rugby ball,6,tools_and_instruments
769,n07745466,rule,6,tools_and_instruments
770,n07745940,running shoe,4,clothing_and_accessories
771,n07746186,safe,5,furniture_and_appliances
772,n07747607,safety pin,4,clothing_and_accessories
773,n07749446,saltshaker,3,food_plants_and_nature
774,n07749582,sandal,4,clothing_and_accessories
775,n07749969,sarong,4,clothing_and_accessories
776,n07751451,sax,6,tools_and_instruments
777,n07753113,scabbard,4,clothing_and_accessories
778,n07753275,scale,5,furniture_and_appliances
779,n07753592,school bus,7,vehicles_and_buildings
780,n07754684,schooner,7,vehicles_and_buildings
781,n07757132,scoreboard,5,furniture_and_appliances
782,n07758680,screen,5,furniture_and_appliances
783,n07760859,screw,6,tools_and_instruments
784,n07762913,screwdriver,6,tools_and_instruments
785,n07764155,seat belt,4,clothing_and_accessories
786,n07765208,sewing machine,5,furniture_and_appliances
787,n07765361,shield,4,clothing_and_accessories
788,n07766173,shoe shop,7,vehicles_and_buildings
789,n07767171,shoji,5,furniture_and_appliances
790,n07767549,shopping basket,6,tools_and_instruments
791,n07768694,shopping cart,6,tools_and_instruments
792,n07769584,shovel,6,tools_and_instruments
793,n07770763,shower cap,4,clothing_and_accessories
794,n07771212,shower curtain,5,furniture_and_appliances
795,n07772147,ski,6,tools_and_instruments
796,n07772274,ski mask,4,clothing_and_accessories
797,n07772788,sleeping bag,5,furniture_and_appliances
798,n07772935,slide rule,6,tools_and_instruments
799,n07774719,sliding door,5,furniture_and_appliances
800,n07775050,slot,5,furniture_and_appliances
801,n07775197,snorkel,4,clothing_and_accessories
802,n07929351,snowmobile,7,vehicles_and_buildings
803,n09193705,snowplow,7,vehicles_and_buildings
804,n09246464,soap dispenser,5,furniture_and_appliances
805,n09256479,soccer ball,6,tools_and_instruments
806,n09270735,sock,4,clothing_and_accessories
807,n09288635,solar dish,7,vehicles_and_buildings
808,n09332890,sombrero,4,clothing_and_accessories
809,n09344324,soup bowl,3,food_plants_and_nature
810,n09399592,space bar,6,tools_and_instruments
811,n09421951,space heater,5,furniture_and_appliances
812,n09428293,space shuttle,7,vehicles_and_buildings
813,n09468604,spatula,3,food_plants_and_nature
814,n09472597,speedboat,7,vehicles_and_buildings
815,n11608250,spider web,3,food_plants_and_nature
816,n11636835,spindle,5,furniture_and_appliances
817,n11664418,sports car,7,vehicles_and_buildings
818,n11695974,spotlight,5,furniture_and_appliances
819,n11703669,stage,7,vehicles_and_buildings
820,n11709205,steam locomotive,7,vehicles_and_buildings
821,n11709674,steel arch bridge,7,vehicles_and_buildings
822,n11712282,steel drum,6,tools_and_instruments
823,n11721337,stethoscope,6,tools_and_instruments
824,n11725821,stole,4,clothing_and_accessories
825,n11727540,stone wall,7,vehicles_and_buildings
826,n11733054,stopwatch,4,clothing_and_accessories
827,n11736694,stove,5,furniture_and_appliances
828,n11748811,strainer,3,food_plants_and_nature
829,n11756669,streetcar,7,vehicles_and_buildings
830,n11757851,stretcher,5,furniture_and_appliances
831,n11759404,studio couch,5,furniture_and_appliances
832,n11759853,stupa,7,vehicles_and_buildings
833,n11770256,submarine,7,vehicles_and_buildings
834,n11793779,suit,4,clothing_and_accessories
835,n11805956,sundial,6,tools_and_instruments
836,n11807979,sunglass,4,clothing_and_accessories
837,n11810358,sunglasses,4,clothing_and_accessories
838,n11821184,sunscreen,4,clothing_and_accessories
839,n11826198,suspension bridge,7,vehicles_and_buildings
840,n11839568,swab,4,clothing_and_accessories
841,n11859737,sweatshirt,4,clothing_and_accessories
842,n11879895,swimming trunks,4,clothing_and_accessories
843,n11887119,swing,7,vehicles_and_buildings
844,n11888800,switch,5,furniture_and_appliances
845,n11889619,syringe,6,tools_and_instruments
846,n11901294,table lamp,5,furniture_and_appliances
847,n11901597,tank,7,vehicles_and_buildings
848,n11901977,tape player,5,furniture_and_appliances
849,n11903671,teapot,3,food_plants_and_nature
850,n11904109,teddy,6,tools_and_instruments
851,n11906917,television,5,furniture_and_appliances
852,n11907100,tennis ball,6,tools_and_instruments
853,n11908846,thatch,7,vehicles_and_buildings
854,n11921395,theater curtain,5,furniture_and_appliances
855,n11923397,thimble,4,clothing_and_accessories
856,n11939491,thresher,7,vehicles_and_buildings
857,n11943660,throne,5,furniture_and_appliances
858,n11943992,tile roof,7,vehicles_and_buildings
859,n11947802,toaster,5,furniture_and_appliances
860,n11950345,tobacco shop,7,vehicles_and_buildings
861,n11955896,toilet seat,5,furniture_and_appliances
862,n11958080,torch,6,tools_and_instruments
863,n11960245,totem pole,7,vehicles_and_buildings
864,n11962272,tow truck,7,vehicles_and_buildings
865,n11969607,toyshop,7,vehicles_and_buildings
866,n11971248,tractor,7,vehicles_and_buildings
867,n11971783,trailer truck,7,vehicles_and_buildings
868,n11978233,tray,3,food_plants_and_nature
869,n11980318,trench coat,4,clothing_and_accessories
870,n12023407,tricycle,7,vehicles_and_buildings
871,n12023726,trimaran,7,vehicles_and_buildings
872,n12043673,tripod,6,tools_and_instruments
873,n12043836,triumphal arch,7,vehicles_and_buildings
874,n12044467,trolleybus,7,vehicles_and_buildings
875,n12047345,trombone,6,tools_and_instruments
876,n12047884,tub,5,furniture_and_appliances
877,n12049282,turnstile,7,vehicles_and_buildings
878,n12049562,typewriter keyboard,5,furniture_and_appliances
879,n12050533,umbrella,4,clothing_and_accessories
880,n12051103,unicycle,7,vehicles_and_buildings
881,n12052787,upright,6,tools_and_instruments
882,n12055516,vacuum,5,furniture_and_appliances
883,n12056217,vase,5,furniture_and_appliances
884,n12058630,vault,5,furniture_and_appliances
885,n12059314,velvet,4,clothing_and_accessories
886,n12059625,vending machine,5,furniture_and_appliances
887,n12062468,vestment,4,clothing_and_accessories
888,n12064389,viaduct,7,vehicles_and_buildings
889,n12065316,violin,6,tools_and_instruments
890,n12069679,volleyball,6,tools_and_instruments
891,n12070016,waffle iron,3,food_plants_and_nature
892,n12072722,wall clock,5,furniture_and_appliances
893,n12073991,wallet,4,clothing_and_accessories
894,n12074408,wardrobe,5,furniture_and_appliances
895,n12074867,warplane,7,vehicles_and_buildings
896,n12075010,washbasin,5,furniture_and_appliances
897,n12075151,washer,5,furniture_and_appliances
898,n12076223,water bottle,3,food_plants_and_nature
899,n12076577,water jug,3,food_plants_and_nature
900,n12083591,water tower,7,vehicles_and_buildings
901,n12084890,whiskey jug,3,food_plants_and_nature
902,n12085267,whistle,4,clothing_and_accessories
903,n12086012,wig,4,clothing_and_accessories
904,n12093329,window screen,5,furniture_and_appliances
905,n12144580,window shade,5,furniture_and_appliances
906,n12154773,Windsor tie,4,clothing_and_accessories
907,n12158031,wine bottle,3,food_plants_and_nature
908,n12172364,wing,7,vehicles_and_buildings
909,n12189987,wok,3,food_plants_and_nature
910,n12190410,wooden spoon,3,food_plants_and_nature
911,n12199790,wool,4,clothing_and_accessories
912,n12201580,worm fence,7,vehicles_and_buildings
913,n12202936,wreck,7,vehicles_and_buildings
914,n12242409,yawl,7,vehicles_and_buildings
915,n12261808,yurt,7,vehicles_and_buildings
916,n12266796,web site,6,tools_and_instruments
917,n12267677,comic book,6,tools_and_instruments
918,n12269241,crossword puzzle,6,tools_and_instruments
919,n12272883,street sign,6,tools_and_instruments
920,n12276872,traffic light,7,vehicles_and_buildings
921,n12278650,book jacket,6,tools_and_instruments
922,n12281788,menu,6,tools_and_instruments
923,n12281974,plate,3,food_plants_and_nature
924,n12282737,guacamole,3,food_plants_and_nature
925,n12284262,consomme,3,food_plants_and_nature
926,n12290748,hot pot,3,food_plants_and_nature
927,n12293723,trifle,3,food_plants_and_nature
928,n12301445,ice cream,3,food_plants_and_nature
929,n12302071,ice lolly,3,food_plants_and_nature
930,n12304703,French loaf,3,food_plants_and_nature
931,n12317296,bagel,3,food_plants_and_nature
932,n12345899,pretzel,3,food_plants_and_nature
933,n12360108,cheeseburger,3,food_plants_and_nature
934,n12401684,hotdog,3,food_plants_and_nature
935,n12403994,mashed potato,3,food_plants_and_nature
936,n12407079,head cabbage,3,food_plants_and_nature
937,n12407222,broccoli,3,food_plants_and_nature
938,n12478768,cauliflower,3,food_plants_and_nature
939,n12492106,zucchini,3,food_plants_and_nature
940,n12495895,spaghetti squash,3,food_plants_and_nature
941,n12496427,acorn squash,3,food_plants_and_nature
942,n12496949,butternut squash,3,food_plants_and_nature
943,n12513613,cucumber,3,food_plants_and_nature
944,n12513933,artichoke,3,food_plants_and_nature
945,n12523475,bell pepper,3,food_plants_and_nature
946,n12527738,cardoon,3,food_plants_and_nature
947,n12544539,mushroom,3,food_plants_and_nature
948,n12560282,Granny Smith,3,food_plants_and_nature
949,n12570394,strawberry,3,food_plants_and_nature
950,n12570972,orange,3,food_plants_and_nature
951,n12582231,lemon,3,food_plants_and_nature
952,n12606438,fig,3,food_plants_and_nature
953,n12620546,pineapple,3,food_plants_and_nature
954,n12658118,banana,3,food_plants_and_nature
955,n12663023,jackfruit,3,food_plants_and_nature
956,n12683407,custard apple,3,food_plants_and_nature
957,n12713866,pomegranate,3,food_plants_and_nature
958,n12717072,hay,3,food_plants_and_nature
959,n12726670,carbonara,3,food_plants_and_nature
960,n12727101,chocolate sauce,3,food_plants_and_nature
961,n12727518,dough,3,food_plants_and_nature
962,n12741792,meat loaf,3,food_plants_and_nature
963,n12753007,pizza,3,food_plants_and_nature
964,n12754003,potpie,3,food_plants_and_nature
965,n12754981,burrito,3,food_plants_and_nature
966,n12755225,red wine,3,food_plants_and_nature
967,n12755727,espresso,3,food_plants_and_nature
968,n12756457,cup,3,food_plants_and_nature
969,n12765115,eggnog,3,food_plants_and_nature
970,n12768682,alp,3,food_plants_and_nature
971,n12774299,bubble,3,food_plants_and_nature
972,n12830222,cliff,3,food_plants_and_nature
973,n12833149,coral reef,3,food_plants_and_nature
974,n12833985,geyser,3,food_plants_and_nature
975,n12836862,lakeside,3,food_plants_and_nature
976,n12879527,promontory,3,food_plants_and_nature
977,n12884260,sandbar,3,food_plants_and_nature
978,n12890265,seashore,3,food_plants_and_nature
979,n12916511,valley,3,food_plants_and_nature
980,n12946849,volcano,3,food_plants_and_nature
981,n12966945,ballplayer,4,clothing_and_accessories
982,n12985420,groom,4,clothing_and_accessories
983,n12985857,scuba diver,4,clothing_and_accessories
984,n12987056,rapeseed,3,food_plants_and_nature
985,n12998815,daisy,3,food_plants_and_nature
986,n13001930,yellow lady's slipper,3,food_plants_and_nature
987,n13011595,corn,3,food_plants_and_nature
988,n13032115,acorn,3,food_plants_and_nature
989,n13037406,hip,3,food_plants_and_nature
990,n13040303,buckeye,3,food_plants_and_nature
991,n13043926,coral fungus,3,food_plants_and_nature
992,n13044778,agaric,3,food_plants_and_nature
993,n13049953,gyromitra,3,food_plants_and_nature
994,n13052670,stinkhorn,3,food_plants_and_nature
995,n13054560,earthstar,3,food_plants_and_nature
996,n13060190,hen-of-the-woods,3,food_plants_and_nature
997,n13111881,bolete,3,food_plants_and_nature
998,n13133613,ear,3,food_plants_and_nature
999,n13136316,toilet tissue,5,furniture_and_appliances
